{"stats":{"minecraft:dropped":{"minecraft:calcite":1,"minecraft:smooth_basalt":4},"minecraft:crafted":{"minecraft:oak_planks":36,"minecraft:crafting_table":1,"minecraft:stick":8,"minecraft:wooden_pickaxe":1,"minecraft:stone_pickaxe":1,"minecraft:wooden_axe":1,"minecraft:stone_axe":1},"minecraft:used":{"minecraft:wooden_axe":27,"minecraft:stone_pickaxe":46,"minecraft:wooden_pickaxe":3,"minecraft:stone_axe":31,"ecologics:coconut_slice":16,"minecraft:dirt":11,"minecraft:crafting_table":2,"minecraft:dandelion":1},"minecraft:killed_by":{"minecraft:skeleton":1},"minecraft:custom":{"minecraft:time_since_rest":14850,"minecraft:sprint_one_cm":21103,"minecraft:damage_taken":435,"minecraft:walk_one_cm":51833,"minecraft:mob_kills":13,"minecraft:drop":2,"minecraft:damage_dealt":1443,"minecraft:swim_one_cm":30956,"minecraft:interact_with_crafting_table":4,"minecraft:fly_one_cm":36297,"minecraft:crouch_one_cm":8631,"minecraft:play_time":17491,"minecraft:deaths":1,"minecraft:sneak_time":3175,"minecraft:walk_under_water_one_cm":5127,"minecraft:jump":425,"minecraft:time_since_death":14817,"minecraft:walk_on_water_one_cm":4660,"minecraft:total_world_time":17491,"minecraft:fall_one_cm":8037},"minecraft:killed":{"naturalist:deer":3,"alexsmobs:lobster":5,"alexsmobs:seal":1,"ecologics:coconut_crab":2,"alexsmobs:flying_fish":1},"minecraft:mined":{"spelunkers_charm:rock_pile_3":2,"ecologics:seashell":3,"minecraft:amethyst_cluster":2,"create_new_age:magnetite_block":1,"minecraft:dandelion":1,"treechop:chopped_log":3,"minecraft:crafting_table":2,"gravestone:gravestone":1,"minecraft:grass":6,"minecraft:calcite":1,"minecraft:coal_ore":24,"minecraft:oak_log":6,"ecologics:hanging_coconut":1,"ecologics:coconut_leaves":2,"minecraft:copper_ore":1,"minecraft:tall_grass":7,"spelunkers_charm:rock_pile_2":1,"minecraft:smooth_basalt":4,"minecraft:sugar_cane":4,"ecologics:coconut_log":9,"minecraft:stone":15,"bushierflowers:grown_poppy":1,"minecraft:amethyst_block":1,"immersive_weathering:oak_leaf_pile":7},"minecraft:picked_up":{"minecraft:stick":1,"minecraft:crafting_table":2,"minecraft:smooth_basalt":4,"naturalist:venison":4,"ecologics:coconut_slice":18,"ecologics:seashell":3,"minecraft:dandelion":3,"minecraft:amethyst_shard":8,"minecraft:oak_log":20,"minecraft:amethyst_block":1,"minecraft:dirt":18,"minecraft:raw_copper":3,"minecraft:rotten_flesh":2,"naturalist:antler":1,"minecraft:wheat_seeds":2,"create_new_age:magnetite_block":1,"ecologics:coconut_log":10,"minecraft:red_tulip":2,"minecraft:sugar_cane":11,"minecraft:calcite":1,"supplementaries:ash":1,"minecraft:poppy":2,"minecraft:oak_sapling":2,"spelunkers_charm:rock":8,"minecraft:coal":24,"ecologics:crab_claw":1,"alexsmobs:lobster_tail":2,"alexsmobs:flying_fish":1,"minecraft:cobblestone":15}},"DataVersion":3465}