{"stats":{"minecraft:dropped":{"minecraft:raw_copper":3,"minecraft:rotten_flesh":1,"minecraft:dirt":7,"supplementaries:ash":2,"minecraft:wooden_axe":1,"spelunkers_charm:rock":8,"gravestone:obituary":1,"minecraft:wooden_pickaxe":1,"minecraft:calcite":1,"minecraft:smooth_basalt":4},"minecraft:crafted":{"minecraft:oak_planks":36,"minecraft:crafting_table":1,"minecraft:wooden_pickaxe":1,"minecraft:iron_sword":1,"minecraft:furnace":1,"minecraft:stone_axe":1,"minecraft:air":0,"minecraft:iron_chestplate":1,"minecraft:stick":12,"minecraft:iron_ingot":15,"minecraft:iron_pickaxe":1,"minecraft:stone_pickaxe":1,"minecraft:wooden_axe":1,"minecraft:white_bed":1},"minecraft:used":{"minecraft:amethyst_block":1,"minecraft:stone_pickaxe":131,"minecraft:wooden_pickaxe":3,"minecraft:iron_chestplate":1,"minecraft:dirt":11,"minecraft:crafting_table":5,"minecraft:white_bed":1,"minecraft:oak_log":3,"minecraft:wooden_axe":27,"alexsmobs:lobster_tail":2,"minecraft:bread":3,"minecraft:iron_pickaxe":127,"minecraft:stone_axe":58,"ecologics:coconut_slice":18,"minecraft:cobblestone":16,"minecraft:furnace":2,"minecraft:dandelion":1,"minecraft:pumpkin":1},"minecraft:broken":{"minecraft:stone_pickaxe":1},"minecraft:killed_by":{"minecraft:skeleton":1},"minecraft:custom":{"minecraft:interact_with_furnace":7,"minecraft:mob_kills":20,"minecraft:interact_with_crafting_table":12,"minecraft:open_barrel":2,"minecraft:time_since_death":38817,"minecraft:sleep_in_bed":1,"minecraft:climb_one_cm":52,"minecraft:time_since_rest":19172,"minecraft:sprint_one_cm":39160,"minecraft:damage_taken":590,"minecraft:walk_one_cm":77252,"minecraft:drop":11,"minecraft:damage_dealt":2162,"minecraft:swim_one_cm":42550,"minecraft:fly_one_cm":82758,"minecraft:open_chest":1,"minecraft:crouch_one_cm":13820,"minecraft:play_time":41491,"minecraft:deaths":1,"minecraft:sneak_time":5178,"minecraft:walk_under_water_one_cm":17792,"minecraft:jump":683,"minecraft:walk_on_water_one_cm":11926,"minecraft:total_world_time":41491,"minecraft:fall_one_cm":13865},"minecraft:killed":{"alexsmobs:lobster":5,"alexsmobs:seal":3,"minecraft:sheep":4,"naturalist:deer":3,"minecraft:zombie":1,"ecologics:coconut_crab":2,"alexsmobs:flying_fish":1},"minecraft:mined":{"create:zinc_ore":1,"minecraft:white_bed":1,"minecraft:amethyst_cluster":2,"create_new_age:magnetite_block":1,"minecraft:dandelion":1,"minecraft:crafting_table":4,"gravestone:gravestone":1,"minecraft:calcite":1,"ecologics:coconut_leaves":2,"spelunkers_charm:rock_pile_2":2,"minecraft:tall_grass":13,"minecraft:copper_ore":1,"minecraft:cobblestone":4,"ecologics:coconut_log":9,"minecraft:sugar_cane":4,"minecraft:amethyst_block":1,"spelunkers_charm:rock_pile_3":2,"minecraft:furnace":1,"ecologics:seashell":3,"minecraft:iron_ore":44,"minecraft:pumpkin":1,"treechop:chopped_log":3,"minecraft:grass":8,"minecraft:oak_log":8,"minecraft:coal_ore":36,"ecologics:hanging_coconut":1,"minecraft:smooth_basalt":4,"minecraft:stone":165,"bushierflowers:grown_poppy":1,"immersive_weathering:oak_leaf_pile":7},"minecraft:picked_up":{"minecraft:crafting_table":4,"naturalist:venison":4,"ecologics:seashell":3,"minecraft:oak_log":22,"minecraft:amethyst_block":1,"minecraft:dirt":18,"minecraft:raw_copper":3,"minecraft:wheat_seeds":2,"create_new_age:magnetite_block":1,"minecraft:calcite":1,"minecraft:poppy":2,"minecraft:sugar_cane":11,"ecologics:crab_claw":1,"minecraft:furnace":1,"minecraft:stick":1,"minecraft:raw_iron":44,"minecraft:smooth_basalt":4,"minecraft:pumpkin":1,"ecologics:coconut_slice":18,"minecraft:dandelion":3,"minecraft:amethyst_shard":8,"minecraft:white_bed":1,"minecraft:rotten_flesh":3,"naturalist:antler":1,"ecologics:coconut_log":10,"minecraft:red_tulip":2,"minecraft:mutton":6,"minecraft:white_wool":4,"supplementaries:ash":2,"minecraft:oak_sapling":2,"spelunkers_charm:rock":18,"alexsmobs:flying_fish":1,"minecraft:coal":71,"alexsmobs:lobster_tail":2,"minecraft:cobblestone":169}},"DataVersion":3465}