{"stats":{"minecraft:dropped":{"minecraft:wheat_seeds":4,"minecraft:mossy_cobblestone":2,"minecraft:iron_helmet":2,"minecraft:cobblestone":238,"minecraft:flint":5,"minecraft:dirt":7,"minecraft:wooden_axe":1,"gravestone:obituary":23,"minecraft:iron_pickaxe":1,"create:raw_zinc":4,"minecraft:smooth_basalt":4,"minecraft:gravel":8,"minecraft:stone_axe":1,"minecraft:cobbled_deepslate":64,"minecraft:raw_copper":3,"minecraft:rotten_flesh":1,"supplementaries:ash":2,"minecraft:iron_chestplate":1,"spelunkers_charm:rock":8,"ecologics:coconut_husk":18,"minecraft:wooden_pickaxe":1,"ecologics:seashell":3,"minecraft:calcite":1},"minecraft:crafted":{"minecraft:oak_door":3,"minecraft:oak_planks":36,"aether:iron_ring":1,"minecraft:furnace":1,"minecraft:cooked_mutton":6,"minecraft:diamond_helmet":1,"minecraft:iron_boots":1,"minecraft:iron_axe":1,"minecraft:stone_pickaxe":1,"minecraft:diamond_sword":1,"minecraft:crafting_table":1,"minecraft:wooden_pickaxe":1,"minecraft:iron_helmet":1,"minecraft:iron_sword":1,"minecraft:stone_axe":1,"minecraft:air":0,"aether:iron_gloves":1,"minecraft:iron_chestplate":1,"minecraft:cobblestone":2,"minecraft:shield":1,"minecraft:stick":16,"minecraft:iron_ingot":58,"minecraft:iron_pickaxe":3,"minecraft:wooden_axe":1,"minecraft:iron_leggings":1,"minecraft:white_bed":1,"minecraft:diamond_chestplate":1},"minecraft:broken":{"minecraft:stone_pickaxe":1,"minecraft:iron_pickaxe":2},"minecraft:used":{"minecraft:iron_sword":5,"minecraft:iron_chestplate":1,"minecraft:oak_door":1,"minecraft:dirt":11,"mowziesmobs:wrought_helmet":1,"minecraft:wooden_axe":27,"alexsmobs:lobster_tail":2,"minecraft:iron_axe":7,"minecraft:iron_helmet":1,"create_new_age:magnetite_block":2,"minecraft:iron_boots":1,"spelunkers_charm:rock":2,"minecraft:furnace":5,"minecraft:potato":4,"minecraft:pumpkin":1,"minecraft:iron_leggings":1,"minecraft:cooked_mutton":3,"minecraft:amethyst_block":1,"minecraft:stone_pickaxe":131,"minecraft:wooden_pickaxe":3,"minecraft:crafting_table":10,"minecraft:white_bed":4,"minecraft:oak_log":3,"minecraft:bread":8,"minecraft:iron_pickaxe":527,"minecraft:gravel":7,"minecraft:stone_axe":58,"ecologics:coconut_slice":18,"minecraft:diamond_sword":24,"minecraft:cobblestone":29,"alexsmobs:animal_dictionary":1,"minecraft:dandelion":1},"minecraft:killed_by":{"mowziesmobs:ferrous_wroughtnaut":15,"minecraft:skeleton":1},"minecraft:custom":{"minecraft:mob_kills":23,"minecraft:interact_with_crafting_table":24,"minecraft:open_barrel":2,"minecraft:leave_game":1,"minecraft:time_since_death":11857,"minecraft:climb_one_cm":52,"minecraft:sprint_one_cm":167342,"minecraft:walk_one_cm":311995,"minecraft:drop":54,"minecraft:play_time":89490,"minecraft:deaths":16,"minecraft:sneak_time":8587,"minecraft:walk_under_water_one_cm":26099,"minecraft:jump":1032,"minecraft:walk_on_water_one_cm":29878,"minecraft:total_world_time":89490,"minecraft:interact_with_furnace":27,"minecraft:sleep_in_bed":4,"minecraft:time_since_rest":2573,"minecraft:damage_taken":7541,"minecraft:damage_dealt":4433,"minecraft:swim_one_cm":80636,"minecraft:fly_one_cm":121387,"minecraft:open_chest":1,"minecraft:crouch_one_cm":21313,"minecraft:fall_one_cm":19239},"minecraft:killed":{"alexsmobs:lobster":5,"minecraft:skeleton":1,"naturalist:deer":3,"mowziesmobs:ferrous_wroughtnaut":1,"ecologics:coconut_crab":2,"alexsmobs:flying_fish":1,"alexsmobs:seal":3,"minecraft:sheep":4,"minecraft:zombie":2},"minecraft:mined":{"create:zinc_ore":5,"minecraft:diamond_ore":3,"minecraft:white_bed":4,"minecraft:mossy_cobblestone":2,"minecraft:deepslate_diamond_ore":12,"minecraft:oak_door":1,"gravestone:gravestone":16,"ecologics:coconut_leaves":2,"ecologics:coconut_log":9,"minecraft:furnace":5,"minecraft:iron_ore":58,"minecraft:pumpkin":1,"treechop:chopped_log":3,"minecraft:stone":445,"bushierflowers:grown_poppy":1,"immersive_weathering:oak_leaf_pile":7,"minecraft:amethyst_cluster":2,"create_new_age:magnetite_block":2,"minecraft:dandelion":1,"minecraft:crafting_table":10,"minecraft:calcite":1,"minecraft:tall_grass":13,"minecraft:copper_ore":1,"spelunkers_charm:rock_pile_2":2,"minecraft:cobblestone":10,"minecraft:sugar_cane":4,"minecraft:amethyst_block":1,"spelunkers_charm:rock_pile_3":2,"ecologics:seashell":3,"minecraft:grass":8,"minecraft:oak_log":8,"minecraft:coal_ore":36,"ecologics:hanging_coconut":1,"minecraft:gravel":20,"minecraft:dirt":21,"minecraft:cobweb":3,"minecraft:smooth_basalt":4,"minecraft:deepslate":64},"minecraft:picked_up":{"minecraft:crafting_table":10,"naturalist:venison":4,"ecologics:seashell":3,"gravestone:obituary":8,"minecraft:amethyst_block":1,"minecraft:string":3,"minecraft:raw_copper":3,"minecraft:cobbled_deepslate":64,"minecraft:calcite":1,"minecraft:poppy":2,"minecraft:iron_pickaxe":1,"minecraft:sugar_cane":11,"minecraft:furnace":5,"ecologics:crab_claw":1,"minecraft:stick":1,"minecraft:raw_iron":69,"minecraft:oak_door":1,"ecologics:coconut_slice":18,"minecraft:rotten_flesh":3,"ecologics:coconut_log":10,"minecraft:red_tulip":2,"supplementaries:ash":2,"aether:iron_ring":1,"minecraft:white_wool":4,"minecraft:mutton":6,"alexsmobs:flying_fish":1,"alexsmobs:lobster_tail":2,"minecraft:cobblestone":450,"minecraft:flint":10,"minecraft:oak_log":22,"create:raw_zinc":4,"mowziesmobs:wrought_axe":1,"minecraft:dirt":39,"minecraft:wheat_seeds":4,"create_new_age:magnetite_block":2,"minecraft:smooth_basalt":4,"minecraft:pumpkin":1,"minecraft:dandelion":3,"minecraft:gravel":15,"minecraft:amethyst_shard":8,"mowziesmobs:wrought_helmet":1,"minecraft:white_bed":4,"minecraft:mossy_cobblestone":2,"naturalist:antler":1,"minecraft:diamond":15,"minecraft:iron_helmet":1,"minecraft:oak_sapling":2,"spelunkers_charm:rock":18,"minecraft:coal":101}},"DataVersion":3465}