{"stats":{"minecraft:crafted":{"minecraft:oak_door":3,"minecraft:oak_planks":40,"aether:iron_ring":1,"minecraft:furnace":1,"minecraft:cooked_mutton":6,"minecraft:diamond_helmet":1,"minecraft:diamond_leggings":1,"minecraft:iron_boots":1,"minecraft:iron_axe":1,"minecraft:stone_pickaxe":1,"minecraft:diamond_boots":1,"aether:diamond_gloves":1,"minecraft:diamond_sword":1,"minecraft:crafting_table":1,"minecraft:wooden_pickaxe":1,"minecraft:iron_helmet":1,"minecraft:iron_sword":1,"minecraft:stone_axe":1,"minecraft:air":0,"aether:iron_gloves":1,"minecraft:iron_chestplate":1,"minecraft:cobblestone":2,"minecraft:diamond_pickaxe":1,"minecraft:shield":1,"minecraft:stick":24,"minecraft:iron_ingot":58,"minecraft:iron_pickaxe":3,"minecraft:wooden_axe":1,"minecraft:iron_leggings":1,"minecraft:white_bed":1,"minecraft:diamond_chestplate":1},"minecraft:dropped":{"minecraft:bread":3,"minecraft:iron_sword":1,"minecraft:wheat_seeds":4,"minecraft:mossy_cobblestone":2,"minecraft:glass_bottle":2,"minecraft:feather":1,"minecraft:iron_helmet":2,"minecraft:cobblestone":327,"minecraft:iron_horse_armor":1,"minecraft:flint":11,"minecraft:dirt":28,"minecraft:wooden_axe":1,"minecraft:diamond_helmet":1,"minecraft:iron_leggings":2,"gravestone:obituary":25,"minecraft:iron_pickaxe":1,"minecraft:white_wool":1,"create:raw_zinc":4,"minecraft:smooth_basalt":4,"minecraft:gravel":9,"minecraft:stone_axe":1,"minecraft:cobbled_deepslate":139,"minecraft:raw_copper":13,"minecraft:tuff":10,"minecraft:rotten_flesh":4,"minecraft:iron_boots":2,"supplementaries:antique_ink":2,"supplementaries:ash":2,"aether:iron_gloves":2,"minecraft:iron_chestplate":1,"spelunkers_charm:rock":8,"ecologics:coconut_husk":18,"minecraft:arrow":1,"minecraft:bow":1,"minecraft:wooden_pickaxe":1,"minecraft:raw_gold":4,"ecologics:seashell":3,"minecraft:calcite":1},"minecraft:broken":{"minecraft:stone_pickaxe":1,"minecraft:iron_pickaxe":3},"minecraft:used":{"minecraft:shield":8,"minecraft:iron_sword":5,"minecraft:oak_door":3,"minecraft:iron_chestplate":1,"minecraft:dirt":11,"minecraft:tuff":11,"mowziesmobs:wrought_helmet":1,"minecraft:wooden_axe":27,"alexsmobs:lobster_tail":2,"minecraft:iron_axe":9,"minecraft:iron_helmet":1,"create_new_age:magnetite_block":2,"minecraft:iron_boots":1,"spelunkers_charm:rock":2,"minecraft:furnace":5,"minecraft:cobbled_deepslate":16,"minecraft:potato":4,"minecraft:pumpkin":1,"minecraft:iron_leggings":1,"minecraft:cooked_mutton":6,"minecraft:amethyst_block":1,"minecraft:stone_pickaxe":131,"minecraft:wooden_pickaxe":3,"minecraft:crafting_table":12,"minecraft:white_bed":6,"mowziesmobs:wrought_axe":33,"minecraft:oak_log":3,"alexsmobs:flying_fish":1,"minecraft:diamond_pickaxe":108,"minecraft:apple":4,"minecraft:bread":13,"minecraft:iron_pickaxe":750,"minecraft:gravel":7,"ecologics:coconut_slice":18,"minecraft:stone_axe":58,"minecraft:diamond_sword":44,"minecraft:cobblestone":115,"alexsmobs:animal_dictionary":2,"minecraft:dandelion":1},"minecraft:killed_by":{"mowziesmobs:ferrous_wroughtnaut":15,"minecraft:skeleton":1},"minecraft:custom":{"minecraft:mob_kills":41,"minecraft:interact_with_crafting_table":27,"minecraft:open_barrel":14,"minecraft:leave_game":3,"minecraft:time_since_death":49320,"minecraft:climb_one_cm":52,"minecraft:sprint_one_cm":209859,"minecraft:walk_one_cm":411864,"minecraft:damage_blocked_by_shield":420,"minecraft:drop":87,"minecraft:play_time":126953,"minecraft:deaths":16,"minecraft:sneak_time":12356,"minecraft:walk_under_water_one_cm":30000,"minecraft:boat_one_cm":3231,"minecraft:jump":1618,"minecraft:walk_on_water_one_cm":32260,"minecraft:total_world_time":126953,"minecraft:interact_with_furnace":30,"minecraft:sleep_in_bed":5,"minecraft:time_since_rest":852,"minecraft:damage_taken":8162,"minecraft:damage_dealt":7723,"minecraft:swim_one_cm":102754,"minecraft:fly_one_cm":192495,"minecraft:open_chest":8,"minecraft:crouch_one_cm":32403,"minecraft:fall_one_cm":38117},"minecraft:killed":{"minecraft:cave_spider":2,"alexsmobs:lobster":5,"minecraft:spider":1,"minecraft:skeleton":7,"naturalist:deer":3,"mowziesmobs:ferrous_wroughtnaut":1,"ecologics:coconut_crab":2,"minecraft:drowned":1,"alexsmobs:skelewag":1,"alexsmobs:flying_fish":1,"alexsmobs:seal":3,"minecraft:sheep":4,"minecraft:zombie":8},"minecraft:mined":{"create:zinc_ore":5,"minecraft:diamond_ore":3,"minecraft:tuff":23,"minecraft:white_bed":5,"minecraft:mossy_cobblestone":2,"minecraft:deepslate_diamond_ore":80,"minecraft:oak_door":1,"gravestone:gravestone":16,"ecologics:coconut_leaves":2,"ecologics:coconut_log":9,"minecraft:spawner":1,"minecraft:furnace":5,"minecraft:iron_ore":58,"minecraft:cobbled_deepslate":8,"minecraft:pumpkin":1,"treechop:chopped_log":3,"minecraft:stone":447,"bushierflowers:grown_poppy":1,"immersive_weathering:oak_leaf_pile":7,"minecraft:amethyst_cluster":2,"create_new_age:magnetite_block":2,"minecraft:dandelion":1,"minecraft:crafting_table":12,"minecraft:calcite":1,"minecraft:tall_grass":13,"minecraft:copper_ore":1,"spelunkers_charm:rock_pile_2":2,"minecraft:cobblestone":12,"minecraft:sugar_cane":4,"minecraft:amethyst_block":1,"supplementaries:urn":4,"spelunkers_charm:rock_pile_3":2,"ecologics:seashell":3,"minecraft:tnt":1,"minecraft:grass":8,"minecraft:oak_log":8,"minecraft:coal_ore":40,"ecologics:hanging_coconut":1,"minecraft:gravel":36,"minecraft:cyan_carpet":2,"minecraft:dirt":21,"minecraft:cobweb":3,"minecraft:smooth_basalt":4,"minecraft:deepslate":266},"minecraft:picked_up":{"minecraft:crafting_table":12,"naturalist:venison":4,"ecologics:seashell":3,"aether:iron_gloves":1,"minecraft:infested_cobblestone":17,"gravestone:obituary":9,"minecraft:amethyst_block":1,"minecraft:string":4,"minecraft:raw_copper":13,"minecraft:iron_leggings":1,"minecraft:cobbled_deepslate":272,"minecraft:calcite":1,"minecraft:poppy":2,"minecraft:iron_pickaxe":1,"minecraft:sugar_cane":11,"minecraft:furnace":5,"ecologics:crab_claw":1,"minecraft:iron_boots":1,"minecraft:stick":1,"minecraft:raw_iron":79,"minecraft:oak_door":1,"ecologics:coconut_slice":18,"minecraft:iron_horse_armor":1,"minecraft:tnt":1,"minecraft:arrow":1,"minecraft:rotten_flesh":7,"supplementaries:antique_ink":2,"ecologics:coconut_log":10,"minecraft:red_tulip":2,"supplementaries:ash":2,"aether:iron_ring":1,"minecraft:mutton":6,"alexsmobs:lobster_tail":2,"alexsmobs:flying_fish":1,"minecraft:white_wool":4,"minecraft:cobblestone":454,"minecraft:feather":2,"minecraft:oak_log":22,"minecraft:flint":17,"minecraft:tuff":23,"create:raw_zinc":4,"mowziesmobs:wrought_axe":1,"minecraft:dirt":39,"minecraft:lantern":1,"minecraft:bone":10,"minecraft:bow":2,"minecraft:wheat_seeds":4,"minecraft:raw_gold":4,"create_new_age:magnetite_block":2,"minecraft:iron_ingot":1,"minecraft:glass_bottle":2,"minecraft:smooth_basalt":4,"minecraft:pumpkin":1,"minecraft:dandelion":3,"minecraft:gravel":30,"minecraft:amethyst_shard":8,"mowziesmobs:wrought_helmet":1,"minecraft:white_bed":5,"minecraft:mossy_cobblestone":2,"naturalist:antler":1,"minecraft:diamond":83,"minecraft:iron_helmet":1,"minecraft:bread":8,"minecraft:oak_sapling":2,"spelunkers_charm:rock":18,"minecraft:coal":105}},"DataVersion":3465}