{"stats":{"minecraft:crafted":{"minecraft:oak_planks":36,"aether:iron_ring":1,"minecraft:diamond_sword":1,"minecraft:crafting_table":1,"minecraft:wooden_pickaxe":1,"minecraft:iron_helmet":1,"minecraft:iron_sword":1,"minecraft:furnace":1,"minecraft:stone_axe":1,"minecraft:air":0,"aether:iron_gloves":1,"minecraft:diamond_helmet":1,"minecraft:iron_chestplate":1,"minecraft:iron_boots":1,"minecraft:cobblestone":2,"minecraft:shield":1,"minecraft:iron_axe":1,"minecraft:stick":16,"minecraft:iron_ingot":58,"minecraft:stone_pickaxe":1,"minecraft:iron_pickaxe":2,"minecraft:wooden_axe":1,"minecraft:iron_leggings":1,"minecraft:white_bed":1},"minecraft:dropped":{"minecraft:gravel":8,"minecraft:stone_axe":1,"minecraft:wheat_seeds":4,"minecraft:cobbled_deepslate":64,"minecraft:raw_copper":3,"minecraft:mossy_cobblestone":2,"minecraft:iron_helmet":2,"minecraft:cobblestone":238,"minecraft:rotten_flesh":1,"minecraft:flint":5,"minecraft:dirt":7,"supplementaries:ash":2,"minecraft:wooden_axe":1,"spelunkers_charm:rock":8,"gravestone:obituary":21,"minecraft:wooden_pickaxe":1,"minecraft:calcite":1,"create:raw_zinc":4,"minecraft:smooth_basalt":4},"minecraft:used":{"minecraft:amethyst_block":1,"minecraft:stone_pickaxe":131,"minecraft:wooden_pickaxe":3,"minecraft:iron_sword":5,"minecraft:iron_chestplate":1,"minecraft:dirt":11,"minecraft:crafting_table":8,"minecraft:white_bed":2,"minecraft:wooden_axe":27,"minecraft:oak_log":3,"alexsmobs:lobster_tail":2,"minecraft:iron_axe":3,"minecraft:bread":8,"minecraft:iron_pickaxe":427,"minecraft:iron_helmet":1,"create_new_age:magnetite_block":2,"minecraft:iron_boots":1,"minecraft:gravel":7,"ecologics:coconut_slice":18,"minecraft:stone_axe":58,"minecraft:diamond_sword":18,"minecraft:cobblestone":29,"spelunkers_charm:rock":2,"minecraft:furnace":4,"minecraft:potato":4,"minecraft:dandelion":1,"minecraft:pumpkin":1,"alexsmobs:animal_dictionary":1,"minecraft:iron_leggings":1},"minecraft:broken":{"minecraft:stone_pickaxe":1,"minecraft:iron_pickaxe":1},"minecraft:custom":{"minecraft:interact_with_furnace":22,"minecraft:mob_kills":22,"minecraft:interact_with_crafting_table":21,"minecraft:open_barrel":2,"minecraft:leave_game":1,"minecraft:time_since_death":1514,"minecraft:sleep_in_bed":3,"minecraft:climb_one_cm":52,"minecraft:time_since_rest":1546,"minecraft:damage_taken":6765,"minecraft:sprint_one_cm":151651,"minecraft:walk_one_cm":284512,"minecraft:drop":48,"minecraft:damage_dealt":3957,"minecraft:swim_one_cm":50980,"minecraft:fly_one_cm":118305,"minecraft:open_chest":1,"minecraft:crouch_one_cm":18580,"minecraft:play_time":77490,"minecraft:deaths":15,"minecraft:sneak_time":7314,"minecraft:walk_under_water_one_cm":19847,"minecraft:jump":1009,"minecraft:walk_on_water_one_cm":28681,"minecraft:fall_one_cm":18701,"minecraft:total_world_time":77490},"minecraft:killed_by":{"mowziesmobs:ferrous_wroughtnaut":14,"minecraft:skeleton":1},"minecraft:killed":{"alexsmobs:lobster":5,"alexsmobs:seal":3,"minecraft:sheep":4,"minecraft:skeleton":1,"naturalist:deer":3,"minecraft:zombie":2,"ecologics:coconut_crab":2,"alexsmobs:flying_fish":1},"minecraft:mined":{"create:zinc_ore":5,"minecraft:diamond_ore":3,"minecraft:white_bed":1,"minecraft:mossy_cobblestone":2,"minecraft:deepslate_diamond_ore":12,"minecraft:amethyst_cluster":2,"create_new_age:magnetite_block":2,"minecraft:dandelion":1,"minecraft:crafting_table":7,"gravestone:gravestone":15,"minecraft:calcite":1,"ecologics:coconut_leaves":2,"spelunkers_charm:rock_pile_2":2,"minecraft:copper_ore":1,"minecraft:tall_grass":13,"minecraft:cobblestone":5,"ecologics:coconut_log":9,"minecraft:sugar_cane":4,"minecraft:amethyst_block":1,"spelunkers_charm:rock_pile_3":2,"minecraft:furnace":3,"ecologics:seashell":3,"minecraft:iron_ore":58,"treechop:chopped_log":3,"minecraft:pumpkin":1,"minecraft:grass":8,"minecraft:coal_ore":36,"minecraft:oak_log":8,"ecologics:hanging_coconut":1,"minecraft:gravel":20,"minecraft:cobweb":2,"minecraft:smooth_basalt":4,"minecraft:stone":361,"minecraft:deepslate":64,"bushierflowers:grown_poppy":1,"immersive_weathering:oak_leaf_pile":7},"minecraft:picked_up":{"minecraft:crafting_table":7,"naturalist:venison":4,"ecologics:seashell":3,"minecraft:flint":10,"create:raw_zinc":4,"minecraft:oak_log":22,"gravestone:obituary":8,"minecraft:amethyst_block":1,"minecraft:string":2,"minecraft:dirt":18,"minecraft:raw_copper":3,"minecraft:wheat_seeds":4,"minecraft:cobbled_deepslate":64,"create_new_age:magnetite_block":2,"minecraft:calcite":1,"minecraft:poppy":2,"minecraft:sugar_cane":11,"ecologics:crab_claw":1,"minecraft:furnace":3,"minecraft:raw_iron":69,"minecraft:stick":1,"minecraft:smooth_basalt":4,"minecraft:pumpkin":1,"ecologics:coconut_slice":18,"minecraft:dandelion":3,"minecraft:gravel":15,"minecraft:amethyst_shard":8,"minecraft:white_bed":1,"minecraft:mossy_cobblestone":2,"minecraft:rotten_flesh":3,"naturalist:antler":1,"minecraft:diamond":15,"minecraft:iron_helmet":1,"ecologics:coconut_log":10,"minecraft:red_tulip":2,"supplementaries:ash":2,"minecraft:oak_sapling":2,"spelunkers_charm:rock":18,"minecraft:mutton":6,"alexsmobs:lobster_tail":2,"minecraft:coal":101,"alexsmobs:flying_fish":1,"minecraft:white_wool":4,"minecraft:cobblestone":363}},"DataVersion":3465}