{"stats":{"minecraft:crafted":{"minecraft:oak_planks":36,"aether:iron_ring":1,"minecraft:diamond_sword":1,"minecraft:crafting_table":1,"minecraft:wooden_pickaxe":1,"minecraft:iron_helmet":1,"minecraft:iron_sword":1,"minecraft:furnace":1,"minecraft:stone_axe":1,"minecraft:air":0,"aether:iron_gloves":1,"minecraft:diamond_helmet":1,"minecraft:iron_boots":1,"minecraft:iron_chestplate":1,"minecraft:cobblestone":2,"minecraft:shield":1,"minecraft:iron_axe":1,"minecraft:stick":16,"minecraft:iron_ingot":49,"minecraft:iron_pickaxe":2,"minecraft:stone_pickaxe":1,"minecraft:wooden_axe":1,"minecraft:iron_leggings":1,"minecraft:white_bed":1},"minecraft:dropped":{"minecraft:stone_axe":1,"minecraft:wheat_seeds":2,"minecraft:raw_copper":3,"minecraft:iron_helmet":1,"minecraft:cobblestone":135,"minecraft:rotten_flesh":1,"minecraft:dirt":7,"supplementaries:ash":2,"minecraft:wooden_axe":1,"spelunkers_charm:rock":8,"gravestone:obituary":1,"minecraft:wooden_pickaxe":1,"minecraft:calcite":1,"minecraft:smooth_basalt":4},"minecraft:used":{"minecraft:amethyst_block":1,"minecraft:stone_pickaxe":131,"minecraft:wooden_pickaxe":3,"minecraft:iron_sword":5,"minecraft:iron_chestplate":1,"minecraft:dirt":11,"minecraft:crafting_table":7,"minecraft:white_bed":1,"minecraft:oak_log":3,"minecraft:wooden_axe":27,"alexsmobs:lobster_tail":2,"minecraft:iron_axe":2,"minecraft:bread":5,"minecraft:iron_pickaxe":274,"minecraft:iron_helmet":1,"create_new_age:magnetite_block":2,"minecraft:iron_boots":1,"minecraft:stone_axe":58,"ecologics:coconut_slice":18,"minecraft:cobblestone":19,"spelunkers_charm:rock":2,"minecraft:furnace":3,"minecraft:iron_leggings":1,"alexsmobs:animal_dictionary":1,"minecraft:dandelion":1,"minecraft:pumpkin":1},"minecraft:broken":{"minecraft:stone_pickaxe":1,"minecraft:iron_pickaxe":1},"minecraft:killed_by":{"minecraft:skeleton":1},"minecraft:custom":{"minecraft:interact_with_furnace":21,"minecraft:mob_kills":22,"minecraft:interact_with_crafting_table":21,"minecraft:open_barrel":2,"minecraft:time_since_death":50817,"minecraft:sleep_in_bed":1,"minecraft:climb_one_cm":52,"minecraft:time_since_rest":31172,"minecraft:sprint_one_cm":42380,"minecraft:damage_taken":662,"minecraft:walk_one_cm":103158,"minecraft:drop":18,"minecraft:damage_dealt":2482,"minecraft:swim_one_cm":44191,"minecraft:fly_one_cm":85420,"minecraft:open_chest":1,"minecraft:crouch_one_cm":18072,"minecraft:play_time":53491,"minecraft:deaths":1,"minecraft:sneak_time":7010,"minecraft:walk_under_water_one_cm":18888,"minecraft:jump":774,"minecraft:walk_on_water_one_cm":12926,"minecraft:total_world_time":53491,"minecraft:fall_one_cm":15247},"minecraft:killed":{"alexsmobs:lobster":5,"alexsmobs:seal":3,"minecraft:skeleton":1,"minecraft:sheep":4,"naturalist:deer":3,"minecraft:zombie":2,"ecologics:coconut_crab":2,"alexsmobs:flying_fish":1},"minecraft:mined":{"create:zinc_ore":1,"minecraft:diamond_ore":3,"minecraft:white_bed":1,"minecraft:deepslate_diamond_ore":8,"minecraft:amethyst_cluster":2,"create_new_age:magnetite_block":2,"minecraft:dandelion":1,"minecraft:crafting_table":6,"gravestone:gravestone":1,"minecraft:calcite":1,"ecologics:coconut_leaves":2,"spelunkers_charm:rock_pile_2":2,"minecraft:tall_grass":13,"minecraft:copper_ore":1,"minecraft:cobblestone":5,"ecologics:coconut_log":9,"minecraft:sugar_cane":4,"minecraft:amethyst_block":1,"spelunkers_charm:rock_pile_3":2,"minecraft:furnace":2,"ecologics:seashell":3,"minecraft:iron_ore":58,"minecraft:pumpkin":1,"treechop:chopped_log":3,"minecraft:grass":8,"minecraft:oak_log":8,"minecraft:coal_ore":36,"ecologics:hanging_coconut":1,"minecraft:gravel":20,"minecraft:smooth_basalt":4,"minecraft:deepslate":50,"minecraft:stone":233,"bushierflowers:grown_poppy":1,"immersive_weathering:oak_leaf_pile":7},"minecraft:picked_up":{"minecraft:crafting_table":6,"naturalist:venison":4,"ecologics:seashell":3,"minecraft:flint":5,"minecraft:oak_log":22,"minecraft:amethyst_block":1,"minecraft:dirt":18,"minecraft:raw_copper":3,"minecraft:wheat_seeds":2,"minecraft:cobbled_deepslate":50,"create_new_age:magnetite_block":2,"minecraft:calcite":1,"minecraft:poppy":2,"minecraft:sugar_cane":11,"ecologics:crab_claw":1,"minecraft:furnace":2,"minecraft:stick":1,"minecraft:raw_iron":69,"minecraft:smooth_basalt":4,"minecraft:pumpkin":1,"ecologics:coconut_slice":18,"minecraft:gravel":15,"minecraft:dandelion":3,"minecraft:amethyst_shard":8,"minecraft:white_bed":1,"minecraft:rotten_flesh":3,"naturalist:antler":1,"minecraft:diamond":11,"ecologics:coconut_log":10,"minecraft:red_tulip":2,"minecraft:mutton":6,"minecraft:white_wool":4,"supplementaries:ash":2,"minecraft:oak_sapling":2,"spelunkers_charm:rock":18,"alexsmobs:flying_fish":1,"minecraft:coal":101,"alexsmobs:lobster_tail":2,"minecraft:cobblestone":238}},"DataVersion":3465}