{"stats":{"minecraft:crafted":{"minecraft:oak_planks":36,"minecraft:crafting_table":1,"minecraft:stick":4},"minecraft:killed_by":{"minecraft:skeleton":1},"minecraft:custom":{"minecraft:time_since_rest":2850,"minecraft:crouch_one_cm":154,"minecraft:walk_one_cm":14528,"minecraft:play_time":5491,"minecraft:sprint_one_cm":6557,"minecraft:damage_taken":250,"minecraft:deaths":1,"minecraft:sneak_time":43,"minecraft:walk_under_water_one_cm":1748,"minecraft:mob_kills":1,"minecraft:jump":156,"minecraft:damage_dealt":375,"minecraft:walk_on_water_one_cm":2384,"minecraft:time_since_death":2817,"minecraft:total_world_time":5491,"minecraft:swim_one_cm":11660,"minecraft:fall_one_cm":3353,"minecraft:fly_one_cm":14507},"minecraft:killed":{"alexsmobs:flying_fish":1},"minecraft:mined":{"minecraft:grass":2,"spelunkers_charm:rock_pile_3":2,"ecologics:seashell":3,"spelunkers_charm:rock_pile_2":1,"treechop:chopped_log":1,"immersive_weathering:oak_leaf_pile":7},"minecraft:picked_up":{"minecraft:stick":1,"ecologics:coconut_slice":2,"ecologics:seashell":3,"minecraft:dandelion":2,"minecraft:red_tulip":2,"minecraft:oak_log":9,"minecraft:oak_sapling":2,"spelunkers_charm:rock":8,"minecraft:dirt":18,"alexsmobs:flying_fish":1}},"DataVersion":3465}