{"stats":{"minecraft:custom":{"minecraft:time_since_rest":476,"minecraft:sprint_one_cm":40502,"minecraft:damage_taken":1005,"minecraft:walk_one_cm":20959,"minecraft:damage_dealt":37,"minecraft:fly_one_cm":95193,"minecraft:open_chest":1,"minecraft:crouch_one_cm":248,"minecraft:play_time":15271,"minecraft:deaths":3,"minecraft:sneak_time":146,"minecraft:jump":523,"minecraft:leave_game":2,"minecraft:time_since_death":0,"minecraft:total_world_time":15271,"minecraft:fall_one_cm":15798},"minecraft:picked_up":{"quark:crimson_chest":3,"minecraft:golden_helmet":1,"minecraft:stick":3,"minecraft:sandstone":34,"ecologics:coconut_slice":13,"minecraft:stone_slab":3,"quark:hollow_oak_log":1,"minecraft:gravel":2,"minecraft:sand":24,"minecraft:flint":14,"ecologics:coconut_husk":2,"minecraft:stone_brick_stairs":3,"minecraft:oak_log":12,"minecraft:carrot":12,"alexsmobs:animal_dictionary":1,"minecraft:moss_carpet":1,"minecraft:flint_and_steel":1,"minecraft:oak_sapling":12,"minecraft:obsidian":2,"farmersdelight:cabbage_seeds":4,"minecraft:sunflower":2},"minecraft:killed_by":{"minecraft:skeleton":2,"minecraft:zombie":1},"minecraft:used":{"minecraft:moss_carpet":1,"quark:hollow_oak_log":1,"minecraft:sunflower":2,"ecologics:coconut_slice":2,"minecraft:sand":6,"minecraft:carrot":16},"minecraft:mined":{"farmersdelight:wild_carrots":11,"treechop:chopped_log":1,"minecraft:grass":3,"minecraft:sunflower":2,"quark:hollow_oak_log":1,"immersive_weathering:oak_leaf_pile":6}},"DataVersion":3465}