{"stats":{"minecraft:dropped":{"minecraft:spruce_sign":1,"minecraft:stone_axe":2,"ecologics:coconut_planks":1,"minecraft:sweet_berries":14,"minecraft:stone_shovel":2,"minecraft:pumpkin_seeds":9,"minecraft:allium":2,"minecraft:wooden_hoe":1,"minecraft:oak_sapling":3,"farmersdelight:onion":1,"minecraft:stone_pickaxe":2,"ecologics:seashell":3,"minecraft:black_wool":1,"minecraft:spruce_sapling":4},"minecraft:crafted":{"minecraft:cooked_beef":3,"minecraft:oak_planks":84,"minecraft:stone_shovel":1,"minecraft:crafting_table":2,"ecologics:coconut_planks":16,"minecraft:iron_helmet":1,"minecraft:wooden_pickaxe":2,"minecraft:furnace":1,"minecraft:bucket":1,"minecraft:stone_axe":2,"minecraft:air":0,"minecraft:iron_boots":1,"minecraft:iron_chestplate":1,"minecraft:wooden_hoe":1,"minecraft:shield":1,"minecraft:iron_axe":1,"minecraft:iron_hoe":1,"minecraft:stick":24,"minecraft:iron_ingot":39,"minecraft:iron_pickaxe":1,"minecraft:stone_pickaxe":2,"minecraft:iron_shovel":1,"minecraft:iron_leggings":1,"minecraft:shears":1},"minecraft:used":{"minecraft:water_bucket":3,"minecraft:iron_shovel":13,"minecraft:stone_shovel":14,"minecraft:stone_pickaxe":51,"minecraft:oak_planks":5,"minecraft:wooden_pickaxe":35,"ecologics:coconut_planks":1,"minecraft:netherrack":1,"minecraft:white_wool":2,"farmersdelight:onion":1,"minecraft:dirt":1,"minecraft:crafting_table":5,"minecraft:wooden_hoe":9,"minecraft:iron_axe":52,"minecraft:bread":10,"minecraft:iron_pickaxe":62,"minecraft:stone_axe":59,"minecraft:purple_bed":3,"minecraft:furnace":2,"minecraft:bucket":4,"minecraft:cooked_beef":3},"minecraft:custom":{"minecraft:interact_with_furnace":29,"minecraft:mob_kills":16,"minecraft:interact_with_crafting_table":17,"minecraft:open_barrel":5,"minecraft:leave_game":1,"minecraft:time_since_death":4129,"minecraft:sleep_in_bed":3,"minecraft:time_since_rest":4337,"minecraft:sprint_one_cm":147256,"minecraft:damage_taken":777,"minecraft:walk_one_cm":72158,"minecraft:drop":20,"minecraft:damage_dealt":1255,"minecraft:swim_one_cm":1352,"minecraft:fly_one_cm":405440,"minecraft:open_chest":4,"minecraft:crouch_one_cm":3863,"minecraft:play_time":51267,"minecraft:deaths":1,"minecraft:sneak_time":2165,"minecraft:walk_under_water_one_cm":1850,"minecraft:jump":1762,"minecraft:walk_on_water_one_cm":5301,"minecraft:total_world_time":51267,"minecraft:fall_one_cm":66967},"minecraft:killed":{"naturalist:butterfly":1,"alexsmobs:tasmanian_devil":1,"minecraft:sheep":5,"alexsmobs:banana_slug":1,"minecraft:chicken":6,"minecraft:cow":2},"minecraft:mined":{"biomesoplenty:jacaranda_leaves":2,"minecraft:snow_block":12,"minecraft:crimson_nylium":5,"minecraft:powder_snow":4,"minecraft:crafting_table":5,"create_new_age:thorium_ore":5,"minecraft:campfire":3,"minecraft:tall_grass":1,"minecraft:cobblestone":4,"ecologics:coconut_log":3,"minecraft:spruce_leaves":9,"minecraft:oak_planks":3,"minecraft:large_fern":2,"biomesoplenty:jacaranda_log":2,"minecraft:hay_block":11,"farmersdelight:wild_onions":1,"minecraft:purple_bed":5,"minecraft:furnace":2,"ecologics:seashell":2,"minecraft:iron_ore":45,"minecraft:blue_ice":1,"minecraft:spruce_log":6,"minecraft:stripped_oak_wood":12,"treechop:chopped_log":5,"minecraft:stone_brick_stairs":1,"minecraft:grass":2,"minecraft:coal_ore":13,"minecraft:oak_stairs":2,"minecraft:dirt":12,"minecraft:packed_ice":1,"minecraft:stone":50,"minecraft:netherrack":19,"minecraft:fern":4},"minecraft:picked_up":{"minecraft:charcoal":6,"minecraft:crafting_table":5,"create_new_age:thorium":18,"minecraft:allium":2,"minecraft:feather":6,"minecraft:chicken":6,"ecologics:coconut_planks":1,"minecraft:leather":2,"ecologics:seashell":3,"minecraft:oak_log":9,"minecraft:dirt":1,"minecraft:lantern":1,"minecraft:sea_pickle":2,"minecraft:wheat_seeds":1,"minecraft:iron_ingot":6,"minecraft:beef":3,"minecraft:stone_pickaxe":1,"minecraft:stripped_oak_wood":12,"minecraft:light_gray_wool":1,"minecraft:oak_planks":1,"minecraft:furnace":2,"quark:blue_blossom_sapling":5,"minecraft:stick":12,"minecraft:raw_iron":45,"minecraft:sweet_berries":7,"quark:blossom_log":51,"minecraft:spruce_sapling":5,"minecraft:spruce_log":20,"minecraft:purple_bed":5,"minecraft:stone_shovel":1,"biomesoplenty:jacaranda_log":2,"minecraft:stone_axe":1,"farmersdelight:onion":2,"minecraft:hay_block":11,"ecologics:coconut_log":4,"minecraft:spruce_sign":1,"minecraft:snowball":32,"minecraft:netherrack":24,"minecraft:oak_sapling":3,"minecraft:black_wool":2,"minecraft:mutton":8,"minecraft:coal":13,"minecraft:white_wool":2,"minecraft:cobblestone":69}},"DataVersion":3465}