{"stats":{"minecraft:dropped":{"minecraft:stone_axe":2,"ecologics:coconut_planks":1,"minecraft:stone_shovel":1,"minecraft:allium":2,"minecraft:wooden_hoe":1,"minecraft:oak_sapling":3,"farmersdelight:onion":1,"minecraft:stone_pickaxe":2,"ecologics:seashell":3},"minecraft:crafted":{"minecraft:cooked_beef":3,"minecraft:oak_planks":36,"minecraft:stone_shovel":1,"minecraft:crafting_table":1,"ecologics:coconut_planks":16,"minecraft:wooden_pickaxe":1,"minecraft:furnace":1,"minecraft:stone_axe":1,"minecraft:air":0,"minecraft:iron_chestplate":1,"minecraft:wooden_hoe":1,"minecraft:shield":1,"minecraft:iron_axe":1,"minecraft:stick":12,"minecraft:iron_ingot":23,"minecraft:iron_pickaxe":1,"minecraft:stone_pickaxe":1,"minecraft:iron_shovel":1,"minecraft:iron_leggings":1},"minecraft:used":{"minecraft:stone_shovel":14,"minecraft:stone_pickaxe":51,"minecraft:oak_planks":5,"minecraft:wooden_pickaxe":10,"ecologics:coconut_planks":1,"farmersdelight:onion":1,"minecraft:dirt":1,"minecraft:crafting_table":4,"minecraft:wooden_hoe":9,"minecraft:iron_axe":1,"minecraft:bread":1,"minecraft:iron_pickaxe":29,"minecraft:stone_axe":49,"minecraft:purple_bed":2,"minecraft:furnace":2,"minecraft:cooked_beef":3},"minecraft:custom":{"minecraft:interact_with_furnace":17,"minecraft:mob_kills":6,"minecraft:interact_with_crafting_table":10,"minecraft:open_barrel":5,"minecraft:leave_game":1,"minecraft:time_since_death":27267,"minecraft:sleep_in_bed":2,"minecraft:time_since_rest":4711,"minecraft:sprint_one_cm":67930,"minecraft:damage_taken":130,"minecraft:walk_one_cm":43360,"minecraft:drop":13,"minecraft:damage_dealt":560,"minecraft:fly_one_cm":170507,"minecraft:open_chest":4,"minecraft:crouch_one_cm":1603,"minecraft:play_time":27267,"minecraft:sneak_time":1087,"minecraft:jump":764,"minecraft:total_world_time":27267,"minecraft:fall_one_cm":28777},"minecraft:killed":{"naturalist:butterfly":1,"alexsmobs:tasmanian_devil":1,"minecraft:sheep":1,"alexsmobs:banana_slug":1,"minecraft:cow":2},"minecraft:mined":{"minecraft:powder_snow":4,"minecraft:crafting_table":3,"create_new_age:thorium_ore":5,"minecraft:campfire":3,"minecraft:cobblestone":4,"ecologics:coconut_log":3,"minecraft:spruce_leaves":9,"minecraft:oak_planks":3,"minecraft:large_fern":2,"minecraft:hay_block":11,"farmersdelight:wild_onions":1,"minecraft:purple_bed":4,"minecraft:furnace":1,"ecologics:seashell":2,"minecraft:iron_ore":41,"minecraft:spruce_log":6,"treechop:chopped_log":2,"minecraft:stone_brick_stairs":1,"minecraft:grass":1,"minecraft:coal_ore":10,"minecraft:oak_stairs":2,"minecraft:dirt":12,"minecraft:stone":25,"minecraft:fern":1},"minecraft:picked_up":{"minecraft:charcoal":6,"minecraft:crafting_table":3,"create_new_age:thorium":18,"minecraft:allium":2,"ecologics:coconut_planks":1,"minecraft:leather":2,"ecologics:seashell":3,"minecraft:oak_log":9,"minecraft:dirt":1,"minecraft:lantern":1,"minecraft:sea_pickle":2,"minecraft:wheat_seeds":1,"minecraft:beef":3,"minecraft:stone_pickaxe":1,"minecraft:light_gray_wool":1,"minecraft:oak_planks":1,"minecraft:furnace":1,"minecraft:stick":4,"minecraft:raw_iron":41,"minecraft:spruce_sapling":1,"minecraft:spruce_log":6,"minecraft:purple_bed":4,"minecraft:stone_axe":1,"farmersdelight:onion":2,"minecraft:hay_block":11,"ecologics:coconut_log":4,"minecraft:spruce_sign":1,"minecraft:oak_sapling":3,"minecraft:mutton":2,"minecraft:coal":10,"minecraft:cobblestone":28}},"DataVersion":3465}