{"stats":{"minecraft:crafted":{"minecraft:oak_planks":84,"minecraft:stone_shovel":2,"ecologics:coconut_planks":16,"minecraft:furnace":1,"minecraft:bow":1,"minecraft:iron_boots":1,"minecraft:iron_axe":1,"minecraft:iron_hoe":3,"minecraft:stone_pickaxe":2,"minecraft:wheat":99,"minecraft:cooked_beef":3,"minecraft:crafting_table":5,"minecraft:spruce_planks":68,"minecraft:wooden_pickaxe":2,"minecraft:iron_helmet":3,"minecraft:bucket":1,"minecraft:campfire":1,"minecraft:stone_axe":2,"minecraft:bread":33,"minecraft:air":0,"minecraft:oak_boat":2,"minecraft:wooden_hoe":1,"minecraft:iron_chestplate":1,"minecraft:shield":1,"minecraft:stick":68,"quark:oak_chest":3,"minecraft:iron_ingot":39,"minecraft:iron_pickaxe":1,"minecraft:iron_shovel":1,"minecraft:iron_leggings":1,"minecraft:torch":100,"minecraft:shears":1},"minecraft:dropped":{"minecraft:bread":9,"minecraft:spruce_sign":1,"spelunkers_charm:deepslate_rock":1,"minecraft:stick":4,"minecraft:flint":2,"minecraft:torch":3,"minecraft:wooden_hoe":1,"gravestone:obituary":1,"farmersdelight:onion":1,"minecraft:white_wool":2,"quark:black_corundum_cluster":1,"minecraft:spruce_sapling":4,"minecraft:stone_axe":2,"ecologics:coconut_planks":1,"minecraft:sweet_berries":14,"alexsmobs:animal_dictionary":1,"minecraft:stone_shovel":2,"minecraft:rotten_flesh":7,"minecraft:oak_planks":4,"minecraft:pumpkin_seeds":9,"supplementaries:ash":9,"minecraft:gunpowder":4,"minecraft:allium":2,"aether:iron_gloves":1,"ecologics:coconut_husk":2,"minecraft:oak_sapling":3,"minecraft:stone_pickaxe":2,"ecologics:seashell":3,"minecraft:black_wool":1},"minecraft:broken":{"aether:golden_gloves":1,"minecraft:iron_hoe":1},"minecraft:used":{"minecraft:iron_shovel":13,"minecraft:stone_shovel":69,"minecraft:spruce_planks":9,"minecraft:shield":20,"minecraft:iron_sword":50,"ecologics:coconut_planks":1,"minecraft:cooked_salmon":3,"minecraft:cooked_chicken":2,"minecraft:rotten_flesh":3,"minecraft:netherrack":5,"minecraft:torch":80,"minecraft:dirt":10,"minecraft:mutton":3,"minecraft:carrot":15,"minecraft:iron_hoe":334,"minecraft:iron_axe":104,"minecraft:lantern":2,"minecraft:golden_sword":3,"minecraft:bow":13,"minecraft:furnace":2,"minecraft:cooked_beef":3,"minecraft:cooked_mutton":6,"minecraft:water_bucket":7,"minecraft:stone_pickaxe":86,"minecraft:oak_planks":5,"minecraft:ender_pearl":1,"minecraft:wooden_pickaxe":35,"biomesoplenty:lavender":1,"aquaculture:tuna":1,"minecraft:white_wool":3,"farmersdelight:onion":1,"minecraft:crafting_table":10,"minecraft:campfire":1,"minecraft:shears":24,"minecraft:wooden_hoe":9,"minecraft:bread":24,"minecraft:iron_pickaxe":66,"minecraft:gravel":23,"minecraft:stone_axe":83,"ecologics:coconut_slice":2,"minecraft:cobblestone":30,"minecraft:purple_bed":4,"minecraft:bucket":8,"quark:oak_chest":4,"minecraft:oak_boat":3,"minecraft:gray_wool":12},"minecraft:killed_by":{"alexsmobs:skelewag":1},"minecraft:custom":{"minecraft:mob_kills":45,"minecraft:interact_with_crafting_table":34,"minecraft:open_barrel":7,"minecraft:interact_with_campfire":14,"minecraft:damage_dealt_resisted":381,"minecraft:leave_game":2,"minecraft:time_since_death":67237,"minecraft:climb_one_cm":1156,"minecraft:sprint_one_cm":324362,"minecraft:walk_one_cm":212488,"minecraft:damage_blocked_by_shield":1470,"minecraft:drop":48,"minecraft:play_time":136263,"minecraft:deaths":2,"minecraft:sneak_time":8399,"minecraft:walk_under_water_one_cm":6978,"minecraft:boat_one_cm":68390,"minecraft:jump":3741,"minecraft:walk_on_water_one_cm":18541,"minecraft:total_world_time":136263,"minecraft:interact_with_furnace":29,"minecraft:interact_with_loom":1,"minecraft:sleep_in_bed":8,"minecraft:time_since_rest":4502,"minecraft:damage_taken":2725,"minecraft:damage_dealt":5858,"minecraft:swim_one_cm":31412,"minecraft:fly_one_cm":835035,"minecraft:open_chest":30,"minecraft:crouch_one_cm":23672,"minecraft:fall_one_cm":125130},"minecraft:killed":{"minecraft:witch":1,"naturalist:robin":1,"alexsmobs:tasmanian_devil":2,"minecraft:skeleton":4,"alexsmobs:banana_slug":1,"minecraft:fox":1,"minecraft:chicken":6,"alexsmobs:flying_fish":3,"minecraft:husk":1,"naturalist:butterfly":1,"aquaculture:tuna":1,"minecraft:creeper":2,"minecraft:sheep":7,"minecraft:zombie":9,"minecraft:stray":1,"minecraft:enderman":1,"minecraft:cow":2},"minecraft:mined":{"alexscaves:spelunkery_table":1,"minecraft:sculk_vein":35,"gravestone:gravestone":2,"create_new_age:thorium_ore":5,"ecologics:coconut_log":3,"minecraft:spruce_leaves":9,"spelunkers_charm:deepslate_rock_pile_1":1,"minecraft:large_fern":2,"minecraft:hay_block":11,"farmersdelight:wild_onions":1,"biomesoplenty:jacaranda_log":3,"minecraft:oak_trapdoor":2,"minecraft:sculk_catalyst":1,"minecraft:furnace":2,"minecraft:iron_ore":45,"biomesoplenty:lavender":1,"treechop:chopped_log":5,"minecraft:bell":1,"minecraft:oak_stairs":2,"minecraft:lantern":4,"minecraft:packed_ice":1,"minecraft:stone":79,"biomesoplenty:jacaranda_leaves":3,"quark:oak_chest":1,"minecraft:crimson_nylium":5,"minecraft:snow_block":12,"minecraft:powder_snow":4,"minecraft:torch":1,"minecraft:crafting_table":7,"minecraft:sculk_sensor":21,"supplementaries:wild_flax":1,"minecraft:campfire":3,"minecraft:tall_grass":1,"minecraft:cobblestone":5,"minecraft:grindstone":1,"minecraft:oak_planks":3,"minecraft:sculk":285,"minecraft:wall_torch":3,"minecraft:blue_bed":1,"supplementaries:urn":14,"minecraft:gray_wool":24,"minecraft:purple_bed":6,"ecologics:seashell":2,"minecraft:ice":9,"minecraft:blue_ice":1,"minecraft:spruce_log":6,"minecraft:stripped_oak_wood":12,"minecraft:stone_brick_stairs":1,"minecraft:grass":6,"minecraft:coal_ore":14,"minecraft:gravel":69,"minecraft:sunflower":1,"minecraft:dirt":12,"minecraft:netherrack":20,"minecraft:fern":5},"minecraft:picked_up":{"minecraft:charcoal":6,"minecraft:crafting_table":7,"minecraft:allium":2,"create_new_age:thorium":18,"minecraft:chicken":6,"ecologics:seashell":3,"aether:iron_gloves":2,"spelunkers_charm:deepslate_rock":2,"minecraft:golden_sword":1,"minecraft:string":8,"minecraft:sea_pickle":2,"minecraft:cobbled_deepslate":1,"minecraft:beef":3,"minecraft:oak_boat":2,"minecraft:iron_nugget":26,"minecraft:light_gray_wool":1,"minecraft:furnace":2,"minecraft:stick":15,"minecraft:raw_iron":45,"wardrobe:snow_fox_hide":1,"ecologics:coconut_slice":2,"minecraft:torch":19,"quark:blossom_log":51,"minecraft:golden_axe":1,"minecraft:carrot":7,"minecraft:arrow":11,"minecraft:rotten_flesh":10,"minecraft:stone_shovel":1,"biomesoplenty:jacaranda_log":4,"farmersdelight:onion":2,"supplementaries:antique_ink":1,"ecologics:coconut_log":4,"minecraft:hay_block":11,"alexscaves:spelunkery_table":1,"supplementaries:ash":9,"supplementaries:quiver":1,"minecraft:mutton":11,"minecraft:white_wool":5,"minecraft:snowball":32,"alexsmobs:flying_fish":4,"minecraft:cobblestone":108,"biomesoplenty:lavender":1,"minecraft:feather":6,"aquaculture:tuna":1,"ecologics:coconut_planks":1,"minecraft:leather":2,"quark:black_corundum_cluster":1,"minecraft:flint":8,"minecraft:oak_log":9,"minecraft:gunpowder":4,"minecraft:blue_bed":1,"minecraft:dirt":10,"minecraft:lantern":4,"minecraft:cooked_mutton":6,"minecraft:bone":9,"minecraft:wheat_seeds":2,"minecraft:bell":1,"minecraft:grindstone":1,"minecraft:stone_pickaxe":1,"minecraft:iron_ingot":6,"minecraft:cooked_chicken":6,"minecraft:stripped_oak_wood":12,"minecraft:oak_planks":1,"minecraft:iron_sword":2,"quark:blue_blossom_sapling":5,"minecraft:sweet_berries":7,"minecraft:gravel":66,"minecraft:spruce_sapling":5,"quark:oak_chest":1,"minecraft:spruce_log":20,"minecraft:spider_eye":1,"wardrobe:taiga_leggings":1,"minecraft:pumpkin_seeds":2,"minecraft:purple_bed":6,"minecraft:stone_axe":1,"minecraft:iron_helmet":1,"minecraft:gray_wool":24,"minecraft:spruce_sign":1,"minecraft:emerald":10,"minecraft:bread":3,"minecraft:oak_sapling":3,"minecraft:black_wool":2,"minecraft:netherrack":25,"minecraft:coal":40,"minecraft:ender_pearl":3,"minecraft:sunflower":1}},"DataVersion":3465}