{"stats":{"minecraft:dropped":{"minecraft:spruce_sign":1,"minecraft:stone_axe":2,"ecologics:coconut_planks":1,"minecraft:sweet_berries":14,"minecraft:stone_shovel":2,"minecraft:pumpkin_seeds":9,"minecraft:allium":2,"minecraft:wooden_hoe":1,"ecologics:coconut_husk":2,"minecraft:oak_sapling":3,"farmersdelight:onion":1,"minecraft:stone_pickaxe":2,"ecologics:seashell":3,"minecraft:white_wool":1,"minecraft:black_wool":1,"minecraft:spruce_sapling":4},"minecraft:crafted":{"minecraft:cooked_beef":3,"minecraft:oak_planks":84,"minecraft:stone_shovel":1,"minecraft:crafting_table":2,"ecologics:coconut_planks":16,"minecraft:iron_helmet":1,"minecraft:wooden_pickaxe":2,"minecraft:furnace":1,"minecraft:bucket":1,"minecraft:stone_axe":2,"minecraft:air":0,"minecraft:oak_boat":1,"minecraft:iron_boots":1,"minecraft:iron_chestplate":1,"minecraft:wooden_hoe":1,"minecraft:shield":1,"minecraft:iron_axe":1,"minecraft:iron_hoe":1,"minecraft:stick":24,"minecraft:iron_ingot":39,"minecraft:iron_pickaxe":1,"minecraft:stone_pickaxe":2,"minecraft:iron_shovel":1,"minecraft:iron_leggings":1,"minecraft:shears":1},"minecraft:used":{"minecraft:water_bucket":3,"minecraft:iron_shovel":13,"minecraft:stone_shovel":14,"minecraft:stone_pickaxe":55,"minecraft:oak_planks":5,"minecraft:wooden_pickaxe":35,"biomesoplenty:lavender":1,"ecologics:coconut_planks":1,"aquaculture:tuna":1,"minecraft:netherrack":1,"minecraft:white_wool":3,"farmersdelight:onion":1,"minecraft:dirt":1,"minecraft:mutton":1,"minecraft:crafting_table":6,"minecraft:wooden_hoe":9,"minecraft:lantern":1,"minecraft:iron_axe":52,"minecraft:bread":10,"minecraft:iron_pickaxe":62,"ecologics:coconut_slice":2,"minecraft:stone_axe":70,"minecraft:purple_bed":3,"minecraft:furnace":2,"minecraft:bucket":4,"minecraft:oak_boat":1,"minecraft:cooked_beef":3},"minecraft:custom":{"minecraft:interact_with_furnace":29,"minecraft:mob_kills":20,"minecraft:interact_with_crafting_table":18,"minecraft:open_barrel":7,"minecraft:leave_game":1,"minecraft:time_since_death":16129,"minecraft:sleep_in_bed":3,"minecraft:time_since_rest":16337,"minecraft:sprint_one_cm":173305,"minecraft:damage_taken":957,"minecraft:walk_one_cm":79729,"minecraft:drop":22,"minecraft:damage_dealt":1621,"minecraft:swim_one_cm":18762,"minecraft:fly_one_cm":477711,"minecraft:open_chest":5,"minecraft:crouch_one_cm":3872,"minecraft:play_time":63267,"minecraft:deaths":1,"minecraft:sneak_time":2225,"minecraft:walk_under_water_one_cm":4170,"minecraft:jump":1999,"minecraft:walk_on_water_one_cm":9351,"minecraft:total_world_time":63267,"minecraft:fall_one_cm":79127},"minecraft:killed":{"naturalist:butterfly":1,"aquaculture:tuna":1,"alexsmobs:tasmanian_devil":1,"minecraft:sheep":6,"alexsmobs:banana_slug":1,"minecraft:chicken":6,"alexsmobs:flying_fish":2,"minecraft:cow":2},"minecraft:mined":{"biomesoplenty:jacaranda_leaves":3,"minecraft:snow_block":12,"minecraft:crimson_nylium":5,"minecraft:powder_snow":4,"minecraft:crafting_table":6,"create_new_age:thorium_ore":5,"minecraft:campfire":3,"minecraft:tall_grass":1,"minecraft:cobblestone":4,"ecologics:coconut_log":3,"minecraft:spruce_leaves":9,"minecraft:oak_planks":3,"minecraft:large_fern":2,"biomesoplenty:jacaranda_log":3,"minecraft:hay_block":11,"farmersdelight:wild_onions":1,"minecraft:purple_bed":5,"minecraft:furnace":2,"ecologics:seashell":2,"minecraft:iron_ore":45,"minecraft:blue_ice":1,"biomesoplenty:lavender":1,"minecraft:spruce_log":6,"minecraft:stripped_oak_wood":12,"treechop:chopped_log":5,"minecraft:stone_brick_stairs":1,"minecraft:grass":2,"minecraft:coal_ore":14,"minecraft:oak_stairs":2,"minecraft:lantern":2,"minecraft:dirt":12,"minecraft:packed_ice":1,"minecraft:stone":51,"minecraft:netherrack":19,"minecraft:fern":4},"minecraft:picked_up":{"biomesoplenty:lavender":1,"minecraft:charcoal":6,"minecraft:crafting_table":6,"create_new_age:thorium":18,"minecraft:allium":2,"minecraft:feather":6,"minecraft:chicken":6,"aquaculture:tuna":1,"ecologics:coconut_planks":1,"minecraft:leather":2,"ecologics:seashell":3,"minecraft:oak_log":9,"minecraft:dirt":1,"minecraft:lantern":3,"minecraft:sea_pickle":2,"minecraft:wheat_seeds":1,"minecraft:iron_ingot":6,"minecraft:beef":3,"minecraft:stone_pickaxe":1,"minecraft:stripped_oak_wood":12,"minecraft:light_gray_wool":1,"minecraft:oak_planks":1,"minecraft:furnace":2,"quark:blue_blossom_sapling":5,"minecraft:stick":12,"minecraft:raw_iron":45,"minecraft:sweet_berries":7,"ecologics:coconut_slice":2,"quark:blossom_log":51,"minecraft:spruce_sapling":5,"minecraft:spruce_log":20,"minecraft:purple_bed":5,"minecraft:stone_shovel":1,"biomesoplenty:jacaranda_log":4,"minecraft:stone_axe":1,"farmersdelight:onion":2,"minecraft:hay_block":11,"ecologics:coconut_log":4,"alexsmobs:flying_fish":2,"minecraft:spruce_sign":1,"minecraft:snowball":32,"minecraft:netherrack":24,"minecraft:oak_sapling":3,"minecraft:black_wool":2,"minecraft:mutton":9,"minecraft:coal":14,"minecraft:white_wool":4,"minecraft:cobblestone":70}},"DataVersion":3465}