{"stats":{"minecraft:dropped":{"minecraft:oak_sapling":3,"ecologics:seashell":3},"minecraft:crafted":{"minecraft:stone_shovel":1,"minecraft:crafting_table":1,"ecologics:coconut_planks":16,"minecraft:stick":8,"minecraft:wooden_pickaxe":1,"minecraft:stone_pickaxe":1,"minecraft:stone_axe":1},"minecraft:used":{"minecraft:stone_shovel":11,"minecraft:stone_pickaxe":17,"minecraft:wooden_pickaxe":10,"minecraft:stone_axe":20,"minecraft:dirt":1,"minecraft:crafting_table":1},"minecraft:custom":{"minecraft:time_since_rest":8890,"minecraft:sprint_one_cm":19759,"minecraft:damage_taken":110,"minecraft:walk_one_cm":16080,"minecraft:mob_kills":4,"minecraft:drop":4,"minecraft:damage_dealt":440,"minecraft:fly_one_cm":59618,"minecraft:interact_with_crafting_table":2,"minecraft:crouch_one_cm":1251,"minecraft:play_time":8890,"minecraft:sneak_time":840,"minecraft:jump":269,"minecraft:time_since_death":8890,"minecraft:total_world_time":8890,"minecraft:fall_one_cm":11270},"minecraft:killed":{"naturalist:butterfly":1,"alexsmobs:tasmanian_devil":1,"minecraft:cow":2},"minecraft:mined":{"ecologics:seashell":2,"treechop:chopped_log":2,"minecraft:crafting_table":1,"minecraft:stone_brick_stairs":1,"minecraft:grass":1,"minecraft:coal_ore":7,"minecraft:oak_stairs":2,"minecraft:dirt":12,"ecologics:coconut_log":3,"minecraft:stone":18,"minecraft:oak_planks":3},"minecraft:picked_up":{"minecraft:stick":4,"minecraft:crafting_table":1,"minecraft:leather":2,"ecologics:seashell":3,"minecraft:oak_log":9,"minecraft:dirt":1,"ecologics:coconut_log":4,"minecraft:beef":1,"minecraft:oak_sapling":3,"minecraft:oak_planks":1,"minecraft:coal":7,"minecraft:cobblestone":18}},"DataVersion":3465}