{"stats":{"minecraft:dropped":{"minecraft:stone_axe":2,"ecologics:coconut_planks":1,"minecraft:allium":2,"minecraft:wooden_hoe":1,"minecraft:oak_sapling":3,"minecraft:stone_pickaxe":2,"ecologics:seashell":3},"minecraft:crafted":{"minecraft:cooked_beef":3,"minecraft:oak_planks":36,"minecraft:stone_shovel":1,"minecraft:crafting_table":1,"ecologics:coconut_planks":16,"minecraft:wooden_pickaxe":1,"minecraft:furnace":1,"minecraft:stone_axe":1,"minecraft:air":0,"minecraft:iron_chestplate":1,"minecraft:wooden_hoe":1,"minecraft:shield":1,"minecraft:iron_axe":1,"minecraft:stick":12,"minecraft:iron_ingot":15,"minecraft:iron_pickaxe":1,"minecraft:stone_pickaxe":1},"minecraft:used":{"minecraft:stone_shovel":11,"minecraft:stone_pickaxe":51,"minecraft:oak_planks":5,"minecraft:wooden_pickaxe":10,"ecologics:coconut_planks":1,"minecraft:dirt":1,"minecraft:crafting_table":4,"minecraft:wooden_hoe":9,"minecraft:iron_pickaxe":1,"minecraft:stone_axe":49,"minecraft:purple_bed":1,"minecraft:furnace":2,"minecraft:cooked_beef":2},"minecraft:custom":{"minecraft:interact_with_furnace":13,"minecraft:mob_kills":5,"minecraft:interact_with_crafting_table":9,"minecraft:open_barrel":4,"minecraft:leave_game":1,"minecraft:time_since_death":21036,"minecraft:sleep_in_bed":1,"minecraft:time_since_rest":6378,"minecraft:sprint_one_cm":54941,"minecraft:damage_taken":130,"minecraft:walk_one_cm":36958,"minecraft:drop":11,"minecraft:damage_dealt":520,"minecraft:fly_one_cm":129041,"minecraft:open_chest":3,"minecraft:crouch_one_cm":1603,"minecraft:play_time":21036,"minecraft:sneak_time":1083,"minecraft:jump":602,"minecraft:total_world_time":21036,"minecraft:fall_one_cm":21799},"minecraft:killed":{"naturalist:butterfly":1,"alexsmobs:tasmanian_devil":1,"minecraft:sheep":1,"minecraft:cow":2},"minecraft:mined":{"minecraft:crafting_table":3,"create_new_age:thorium_ore":5,"minecraft:campfire":3,"ecologics:coconut_log":3,"minecraft:spruce_leaves":9,"minecraft:oak_planks":3,"minecraft:large_fern":2,"minecraft:hay_block":9,"farmersdelight:wild_onions":1,"minecraft:purple_bed":3,"minecraft:furnace":1,"ecologics:seashell":2,"minecraft:iron_ore":21,"minecraft:spruce_log":6,"treechop:chopped_log":2,"minecraft:stone_brick_stairs":1,"minecraft:grass":1,"minecraft:coal_ore":8,"minecraft:oak_stairs":2,"minecraft:dirt":12,"minecraft:stone":25,"minecraft:fern":1},"minecraft:picked_up":{"minecraft:charcoal":6,"minecraft:crafting_table":3,"minecraft:allium":2,"create_new_age:thorium":18,"ecologics:coconut_planks":1,"minecraft:leather":2,"ecologics:seashell":3,"minecraft:oak_log":9,"minecraft:dirt":1,"minecraft:lantern":1,"minecraft:sea_pickle":2,"minecraft:wheat_seeds":1,"minecraft:beef":3,"minecraft:stone_pickaxe":1,"minecraft:light_gray_wool":1,"minecraft:oak_planks":1,"minecraft:furnace":1,"minecraft:stick":4,"minecraft:raw_iron":15,"minecraft:spruce_sapling":1,"minecraft:spruce_log":6,"minecraft:purple_bed":3,"minecraft:stone_axe":1,"farmersdelight:onion":1,"ecologics:coconut_log":4,"minecraft:hay_block":9,"minecraft:spruce_sign":1,"minecraft:oak_sapling":3,"minecraft:mutton":2,"minecraft:coal":8,"minecraft:cobblestone":19}},"DataVersion":3465}