{"stats":{"minecraft:dropped":{"minecraft:spruce_sign":1,"minecraft:stone_axe":2,"ecologics:coconut_planks":1,"minecraft:sweet_berries":14,"minecraft:stone_shovel":2,"minecraft:pumpkin_seeds":9,"minecraft:allium":2,"minecraft:wooden_hoe":1,"minecraft:oak_sapling":3,"farmersdelight:onion":1,"minecraft:stone_pickaxe":2,"ecologics:seashell":3,"minecraft:black_wool":1,"minecraft:spruce_sapling":4},"minecraft:crafted":{"minecraft:cooked_beef":3,"minecraft:oak_planks":36,"minecraft:stone_shovel":1,"minecraft:crafting_table":1,"ecologics:coconut_planks":16,"minecraft:iron_helmet":1,"minecraft:wooden_pickaxe":1,"minecraft:furnace":1,"minecraft:bucket":1,"minecraft:stone_axe":1,"minecraft:air":0,"minecraft:iron_boots":1,"minecraft:iron_chestplate":1,"minecraft:wooden_hoe":1,"minecraft:shield":1,"minecraft:iron_axe":1,"minecraft:iron_hoe":1,"minecraft:stick":16,"minecraft:iron_ingot":39,"minecraft:iron_pickaxe":1,"minecraft:stone_pickaxe":1,"minecraft:iron_shovel":1,"minecraft:iron_leggings":1,"minecraft:shears":1},"minecraft:used":{"minecraft:stone_shovel":14,"minecraft:stone_pickaxe":51,"minecraft:oak_planks":5,"minecraft:wooden_pickaxe":10,"ecologics:coconut_planks":1,"farmersdelight:onion":1,"minecraft:dirt":1,"minecraft:crafting_table":4,"minecraft:wooden_hoe":9,"minecraft:iron_axe":21,"minecraft:bread":5,"minecraft:iron_pickaxe":37,"minecraft:stone_axe":49,"minecraft:purple_bed":3,"minecraft:furnace":2,"minecraft:bucket":1,"minecraft:cooked_beef":3},"minecraft:custom":{"minecraft:interact_with_furnace":29,"minecraft:mob_kills":13,"minecraft:interact_with_crafting_table":15,"minecraft:open_barrel":5,"minecraft:leave_game":1,"minecraft:time_since_death":39267,"minecraft:sleep_in_bed":3,"minecraft:time_since_rest":2573,"minecraft:sprint_one_cm":113076,"minecraft:damage_taken":220,"minecraft:walk_one_cm":60315,"minecraft:drop":20,"minecraft:damage_dealt":1135,"minecraft:fly_one_cm":315262,"minecraft:open_chest":4,"minecraft:crouch_one_cm":1732,"minecraft:play_time":39267,"minecraft:sneak_time":1130,"minecraft:jump":1323,"minecraft:total_world_time":39267,"minecraft:fall_one_cm":50009},"minecraft:killed":{"naturalist:butterfly":1,"alexsmobs:tasmanian_devil":1,"minecraft:sheep":5,"alexsmobs:banana_slug":1,"minecraft:chicken":3,"minecraft:cow":2},"minecraft:mined":{"minecraft:powder_snow":4,"minecraft:crafting_table":4,"create_new_age:thorium_ore":5,"minecraft:campfire":3,"minecraft:cobblestone":4,"ecologics:coconut_log":3,"minecraft:spruce_leaves":9,"minecraft:oak_planks":3,"minecraft:large_fern":2,"minecraft:hay_block":11,"farmersdelight:wild_onions":1,"minecraft:purple_bed":5,"minecraft:furnace":2,"ecologics:seashell":2,"minecraft:iron_ore":45,"minecraft:spruce_log":6,"treechop:chopped_log":3,"minecraft:stone_brick_stairs":1,"minecraft:grass":1,"minecraft:coal_ore":13,"minecraft:oak_stairs":2,"minecraft:dirt":12,"minecraft:stone":25,"minecraft:fern":1},"minecraft:picked_up":{"minecraft:charcoal":6,"minecraft:crafting_table":4,"create_new_age:thorium":18,"minecraft:allium":2,"minecraft:feather":3,"minecraft:chicken":3,"ecologics:coconut_planks":1,"minecraft:leather":2,"ecologics:seashell":3,"minecraft:oak_log":9,"minecraft:dirt":1,"minecraft:lantern":1,"minecraft:sea_pickle":2,"minecraft:wheat_seeds":1,"minecraft:iron_ingot":6,"minecraft:beef":3,"minecraft:stone_pickaxe":1,"minecraft:light_gray_wool":1,"minecraft:oak_planks":1,"minecraft:furnace":2,"minecraft:stick":6,"minecraft:raw_iron":45,"minecraft:sweet_berries":7,"minecraft:spruce_sapling":5,"minecraft:spruce_log":20,"minecraft:purple_bed":5,"minecraft:stone_shovel":1,"minecraft:stone_axe":1,"farmersdelight:onion":2,"minecraft:hay_block":11,"ecologics:coconut_log":4,"minecraft:spruce_sign":1,"minecraft:oak_sapling":3,"minecraft:black_wool":2,"minecraft:mutton":8,"minecraft:coal":13,"minecraft:white_wool":2,"minecraft:cobblestone":28}},"DataVersion":3465}