{"stats":{"minecraft:crafted":{"minecraft:oak_planks":84,"minecraft:stone_shovel":2,"ecologics:coconut_planks":16,"minecraft:furnace":1,"minecraft:iron_boots":1,"minecraft:iron_axe":1,"minecraft:iron_hoe":1,"minecraft:stone_pickaxe":2,"minecraft:cooked_beef":3,"minecraft:crafting_table":2,"minecraft:wooden_pickaxe":2,"minecraft:iron_helmet":1,"minecraft:bucket":1,"minecraft:stone_axe":2,"minecraft:air":0,"minecraft:oak_boat":1,"minecraft:wooden_hoe":1,"minecraft:iron_chestplate":1,"minecraft:shield":1,"minecraft:stick":28,"minecraft:iron_ingot":39,"minecraft:iron_pickaxe":1,"minecraft:iron_shovel":1,"minecraft:iron_leggings":1,"minecraft:torch":8,"minecraft:shears":1},"minecraft:dropped":{"minecraft:spruce_sign":1,"minecraft:wooden_hoe":1,"gravestone:obituary":1,"farmersdelight:onion":1,"minecraft:white_wool":1,"minecraft:spruce_sapling":4,"minecraft:stone_axe":2,"ecologics:coconut_planks":1,"minecraft:sweet_berries":14,"minecraft:stone_shovel":2,"minecraft:pumpkin_seeds":9,"minecraft:allium":2,"aether:iron_gloves":1,"ecologics:coconut_husk":2,"minecraft:oak_sapling":3,"minecraft:stone_pickaxe":2,"ecologics:seashell":3,"minecraft:black_wool":1},"minecraft:used":{"minecraft:iron_shovel":13,"minecraft:stone_shovel":69,"minecraft:iron_sword":15,"ecologics:coconut_planks":1,"minecraft:netherrack":1,"minecraft:dirt":6,"minecraft:mutton":1,"minecraft:carrot":10,"minecraft:iron_axe":52,"minecraft:lantern":2,"minecraft:furnace":2,"minecraft:cooked_beef":3,"minecraft:water_bucket":3,"minecraft:stone_pickaxe":80,"minecraft:oak_planks":5,"minecraft:wooden_pickaxe":35,"biomesoplenty:lavender":1,"aquaculture:tuna":1,"minecraft:white_wool":3,"farmersdelight:onion":1,"minecraft:crafting_table":6,"minecraft:wooden_hoe":9,"minecraft:bread":13,"minecraft:iron_pickaxe":62,"minecraft:stone_axe":77,"ecologics:coconut_slice":2,"minecraft:cobblestone":6,"minecraft:purple_bed":3,"minecraft:bucket":4,"minecraft:oak_boat":2},"minecraft:killed_by":{"alexsmobs:skelewag":1},"minecraft:custom":{"minecraft:mob_kills":27,"minecraft:interact_with_crafting_table":22,"minecraft:open_barrel":7,"minecraft:leave_game":1,"minecraft:time_since_death":12241,"minecraft:sprint_one_cm":199761,"minecraft:walk_one_cm":100004,"minecraft:drop":24,"minecraft:play_time":81267,"minecraft:deaths":2,"minecraft:sneak_time":2363,"minecraft:walk_under_water_one_cm":4874,"minecraft:boat_one_cm":68390,"minecraft:jump":2280,"minecraft:walk_on_water_one_cm":11283,"minecraft:total_world_time":81267,"minecraft:interact_with_furnace":29,"minecraft:sleep_in_bed":5,"minecraft:time_since_rest":4033,"minecraft:damage_taken":1351,"minecraft:damage_dealt":2642,"minecraft:swim_one_cm":24091,"minecraft:fly_one_cm":535959,"minecraft:open_chest":6,"minecraft:crouch_one_cm":3978,"minecraft:fall_one_cm":85147},"minecraft:killed":{"minecraft:witch":1,"naturalist:robin":1,"alexsmobs:tasmanian_devil":2,"minecraft:skeleton":1,"alexsmobs:banana_slug":1,"minecraft:chicken":6,"alexsmobs:flying_fish":3,"naturalist:butterfly":1,"aquaculture:tuna":1,"minecraft:creeper":1,"minecraft:sheep":6,"minecraft:zombie":1,"minecraft:cow":2},"minecraft:mined":{"gravestone:gravestone":1,"create_new_age:thorium_ore":5,"ecologics:coconut_log":3,"minecraft:spruce_leaves":9,"minecraft:large_fern":2,"minecraft:hay_block":11,"farmersdelight:wild_onions":1,"biomesoplenty:jacaranda_log":3,"minecraft:furnace":2,"minecraft:iron_ore":45,"biomesoplenty:lavender":1,"treechop:chopped_log":5,"minecraft:oak_stairs":2,"minecraft:lantern":3,"minecraft:packed_ice":1,"minecraft:stone":75,"biomesoplenty:jacaranda_leaves":3,"minecraft:crimson_nylium":5,"minecraft:snow_block":12,"minecraft:powder_snow":4,"minecraft:crafting_table":6,"minecraft:campfire":3,"minecraft:tall_grass":1,"minecraft:cobblestone":4,"minecraft:oak_planks":3,"minecraft:purple_bed":5,"ecologics:seashell":2,"minecraft:blue_ice":1,"minecraft:spruce_log":6,"minecraft:stripped_oak_wood":12,"minecraft:stone_brick_stairs":1,"minecraft:grass":3,"minecraft:coal_ore":14,"minecraft:gravel":66,"minecraft:sunflower":1,"minecraft:dirt":12,"minecraft:netherrack":19,"minecraft:fern":4},"minecraft:picked_up":{"minecraft:charcoal":6,"minecraft:crafting_table":6,"minecraft:allium":2,"create_new_age:thorium":18,"minecraft:chicken":6,"ecologics:seashell":3,"aether:iron_gloves":2,"minecraft:sea_pickle":2,"minecraft:beef":3,"minecraft:oak_boat":2,"minecraft:light_gray_wool":1,"minecraft:furnace":2,"minecraft:stick":12,"minecraft:raw_iron":45,"ecologics:coconut_slice":2,"quark:blossom_log":51,"minecraft:carrot":7,"minecraft:stone_shovel":1,"biomesoplenty:jacaranda_log":4,"farmersdelight:onion":2,"ecologics:coconut_log":4,"minecraft:hay_block":11,"supplementaries:quiver":1,"minecraft:mutton":9,"minecraft:white_wool":4,"minecraft:snowball":32,"alexsmobs:flying_fish":3,"minecraft:cobblestone":97,"biomesoplenty:lavender":1,"minecraft:feather":6,"aquaculture:tuna":1,"ecologics:coconut_planks":1,"minecraft:leather":2,"minecraft:flint":6,"minecraft:oak_log":9,"minecraft:dirt":10,"minecraft:lantern":3,"minecraft:wheat_seeds":1,"minecraft:stone_pickaxe":1,"minecraft:iron_ingot":6,"minecraft:stripped_oak_wood":12,"minecraft:oak_planks":1,"minecraft:iron_sword":1,"quark:blue_blossom_sapling":5,"minecraft:sweet_berries":7,"minecraft:gravel":63,"minecraft:spruce_sapling":5,"minecraft:spruce_log":20,"minecraft:purple_bed":5,"minecraft:stone_axe":1,"minecraft:spruce_sign":1,"minecraft:bread":3,"minecraft:oak_sapling":3,"minecraft:black_wool":2,"minecraft:netherrack":24,"minecraft:coal":15,"minecraft:sunflower":1}},"DataVersion":3465}