{"stats":{"minecraft:dropped":{"minecraft:wheat_seeds":1,"gravestone:obituary":1},"minecraft:crafted":{"minecraft:oak_planks":48,"minecraft:crafting_table":1,"minecraft:stick":4,"minecraft:wooden_pickaxe":1,"minecraft:stone_pickaxe":1,"minecraft:stone_axe":1},"minecraft:used":{"minecraft:apple":1,"minecraft:lantern":2,"minecraft:stone_pickaxe":18,"minecraft:wooden_pickaxe":31,"minecraft:stone_axe":20,"minecraft:dirt":4,"minecraft:crafting_table":1,"minecraft:oak_sapling":5,"minecraft:porkchop":3},"minecraft:killed_by":{"minecraft:skeleton":1},"minecraft:custom":{"minecraft:time_since_rest":1233,"minecraft:sprint_one_cm":21805,"minecraft:damage_taken":355,"minecraft:walk_one_cm":39420,"minecraft:mob_kills":2,"minecraft:drop":2,"minecraft:damage_dealt":199,"minecraft:swim_one_cm":3896,"minecraft:interact_with_crafting_table":3,"minecraft:fly_one_cm":37005,"minecraft:open_barrel":1,"minecraft:open_chest":1,"minecraft:crouch_one_cm":524,"minecraft:play_time":26039,"minecraft:deaths":1,"minecraft:sneak_time":219,"minecraft:walk_under_water_one_cm":514,"minecraft:jump":288,"minecraft:leave_game":1,"minecraft:walk_on_water_one_cm":2287,"minecraft:time_since_death":1192,"minecraft:climb_one_cm":220,"minecraft:total_world_time":26039,"minecraft:fall_one_cm":6758},"minecraft:killed":{"minecraft:pig":2},"minecraft:mined":{"treechop:chopped_log":2,"minecraft:crafting_table":1,"minecraft:grass":13,"minecraft:grass_block":3,"minecraft:coal_ore":15,"amendments:wall_lantern":1,"minecraft:lantern":2,"minecraft:dirt":9,"minecraft:tall_grass":2,"immersive_weathering:ivy":1,"minecraft:stone":30},"minecraft:picked_up":{"minecraft:stick":2,"minecraft:crafting_table":1,"minecraft:porkchop":3,"minecraft:oak_log":12,"minecraft:dirt":12,"minecraft:lantern":3,"minecraft:apple":1,"minecraft:wheat_seeds":3,"minecraft:oak_sapling":5,"minecraft:coal":15,"immersive_weathering:tallow":5,"minecraft:cobblestone":30}},"DataVersion":3465}