{"stats":{"minecraft:dropped":{"minecraft:wheat_seeds":1},"minecraft:crafted":{"minecraft:oak_planks":48,"minecraft:crafting_table":1,"minecraft:stick":4,"minecraft:wooden_pickaxe":1,"minecraft:stone_pickaxe":1,"minecraft:stone_axe":1},"minecraft:used":{"minecraft:apple":1,"minecraft:lantern":1,"minecraft:stone_pickaxe":12,"minecraft:wooden_pickaxe":31,"minecraft:stone_axe":20,"minecraft:dirt":2,"minecraft:crafting_table":1,"minecraft:oak_sapling":5,"minecraft:porkchop":2},"minecraft:custom":{"minecraft:time_since_rest":23443,"minecraft:sprint_one_cm":17402,"minecraft:damage_taken":175,"minecraft:walk_one_cm":34380,"minecraft:mob_kills":2,"minecraft:drop":1,"minecraft:damage_dealt":199,"minecraft:swim_one_cm":3896,"minecraft:interact_with_crafting_table":3,"minecraft:fly_one_cm":31340,"minecraft:open_barrel":1,"minecraft:open_chest":1,"minecraft:crouch_one_cm":524,"minecraft:play_time":23443,"minecraft:sneak_time":219,"minecraft:walk_under_water_one_cm":514,"minecraft:jump":219,"minecraft:walk_on_water_one_cm":2287,"minecraft:time_since_death":23443,"minecraft:climb_one_cm":220,"minecraft:total_world_time":23443,"minecraft:fall_one_cm":6282},"minecraft:killed":{"minecraft:pig":2},"minecraft:mined":{"treechop:chopped_log":2,"minecraft:crafting_table":1,"minecraft:grass":13,"minecraft:grass_block":3,"minecraft:coal_ore":10,"minecraft:lantern":2,"minecraft:dirt":9,"minecraft:tall_grass":2,"immersive_weathering:ivy":1,"minecraft:stone":30},"minecraft:picked_up":{"minecraft:stick":2,"minecraft:crafting_table":1,"minecraft:porkchop":3,"minecraft:oak_log":12,"minecraft:dirt":12,"minecraft:lantern":2,"minecraft:apple":1,"minecraft:wheat_seeds":3,"minecraft:oak_sapling":5,"minecraft:coal":10,"immersive_weathering:tallow":5,"minecraft:cobblestone":30}},"DataVersion":3465}