{"stats":{"minecraft:dropped":{"minecraft:wheat_seeds":1},"minecraft:crafted":{"minecraft:crafting_table":1,"minecraft:oak_planks":48},"minecraft:used":{"minecraft:oak_sapling":5},"minecraft:custom":{"minecraft:jump":100,"minecraft:time_since_rest":11443,"minecraft:sprint_one_cm":7452,"minecraft:play_time":11443,"minecraft:time_since_death":11443,"minecraft:walk_one_cm":22879,"minecraft:sneak_time":66,"minecraft:climb_one_cm":220,"minecraft:total_world_time":11443,"minecraft:drop":1,"minecraft:fall_one_cm":1161,"minecraft:fly_one_cm":8594},"minecraft:mined":{"minecraft:grass":1,"immersive_weathering:ivy":1,"treechop:chopped_log":2},"minecraft:picked_up":{"minecraft:stick":2,"minecraft:oak_log":12,"minecraft:apple":1,"minecraft:oak_sapling":5,"minecraft:wheat_seeds":1}},"DataVersion":3465}