{
  "takesapillage:root": {
    "criteria": {
      "always": "2024-07-25 23:09:23 +0000"
    },
    "done": true
  },
  "mowziesmobs:root": {
    "criteria": {
      "custom_test_name": "2024-07-25 23:09:23 +0000"
    },
    "done": true
  },
  "farmersdelight:main/root": {
    "criteria": {
      "seeds": "2024-07-25 23:09:23 +0000"
    },
    "done": true
  },
  "create:root": {
    "criteria": {
      "0": "2024-07-25 23:09:23 +0000"
    },
    "done": true
  },
  "incendium:technical/new_player": {
    "criteria": {
      "requirement": "2024-07-25 23:09:23 +0000"
    },
    "done": true
  },
  "repurposed_structures:root": {
    "criteria": {
      "always": "2024-07-25 23:09:23 +0000"
    },
    "done": true
  },
  "incendium:technical/using/trailblazer": {
    "criteria": {
      "log_spam_fixer": "2024-07-25 23:09:24 +0000"
    },
    "done": false
  },
  "incendium:technical/scroll_of_returning": {
    "criteria": {
      "log_spam_fixer": "2024-07-25 23:09:24 +0000"
    },
    "done": false
  },
  "minecraft:adventure/adventuring_time": {
    "criteria": {
      "minecraft:frozen_river": "2024-07-25 23:41:40 +0000",
      "minecraft:sunflower_plains": "2024-07-25 23:10:43 +0000",
      "minecraft:beach": "2024-07-25 23:10:02 +0000",
      "minecraft:stony_shore": "2024-07-25 23:09:24 +0000",
      "minecraft:snowy_plains": "2024-07-25 23:41:21 +0000",
      "minecraft:jagged_peaks": "2024-07-25 23:47:53 +0000",
      "minecraft:ocean": "2024-07-26 00:01:10 +0000",
      "minecraft:flower_forest": "2024-07-25 23:11:44 +0000",
      "minecraft:plains": "2024-07-25 23:15:49 +0000"
    },
    "done": false
  },
  "incendium:technical/using/ragnarok": {
    "criteria": {
      "log_spam_fixer": "2024-07-25 23:09:24 +0000"
    },
    "done": false
  },
  "incendium:technical/using/shield": {
    "criteria": {
      "log_spam_fixer": "2024-07-25 23:09:24 +0000"
    },
    "done": false
  },
  "minecraft:story/root": {
    "criteria": {
      "crafting_table": "2024-07-25 23:12:00 +0000"
    },
    "done": true
  },
  "minecraft:story/mine_stone": {
    "criteria": {
      "get_stone": "2024-07-25 23:12:34 +0000"
    },
    "done": true
  },
  "immersive_weathering:immersive_weathering/dirts": {
    "criteria": {
      "dirt": "2024-07-25 23:12:54 +0000"
    },
    "done": false
  },
  "minecraft:story/upgrade_tools": {
    "criteria": {
      "stone_pickaxe": "2024-07-25 23:13:12 +0000"
    },
    "done": true
  },
  "minecraft:adventure/root": {
    "criteria": {
      "killed_something": "2024-07-25 23:15:17 +0000"
    },
    "done": true
  },
  "minecraft:husbandry/balanced_diet": {
    "criteria": {
      "cooked_beef": "2024-07-25 23:17:26 +0000",
      "mutton": "2024-07-25 23:57:20 +0000",
      "bread": "2024-07-25 23:33:48 +0000",
      "carrot": "2024-07-26 00:19:46 +0000"
    },
    "done": false
  },
  "minecraft:husbandry/root": {
    "criteria": {
      "consumed_item": "2024-07-25 23:17:26 +0000"
    },
    "done": true
  },
  "farmersdelight:main/get_fd_seed": {
    "criteria": {
      "onion": "2024-07-25 23:17:53 +0000"
    },
    "done": true
  },
  "minecraft:adventure/sleep_in_bed": {
    "criteria": {
      "slept_in_bed": "2024-07-25 23:21:24 +0000"
    },
    "done": true
  },
  "minecraft:story/smelt_iron": {
    "criteria": {
      "iron": "2024-07-25 23:23:21 +0000"
    },
    "done": true
  },
  "minecraft:story/iron_tools": {
    "criteria": {
      "iron_pickaxe": "2024-07-25 23:25:15 +0000"
    },
    "done": true
  },
  "minecraft:story/obtain_armor": {
    "criteria": {
      "iron_chestplate": "2024-07-25 23:25:26 +0000"
    },
    "done": true
  },
  "biomesoplenty:biomesoplenty/all_biomes": {
    "criteria": {
      "cold_desert": "2024-07-25 23:35:31 +0000",
      "old_growth_dead_forest": "2024-07-25 23:46:15 +0000",
      "lavender_field": "2024-07-25 23:56:43 +0000",
      "snowy_coniferous_forest": "2024-07-25 23:41:30 +0000",
      "snowy_fir_clearing": "2024-07-25 23:41:46 +0000"
    },
    "done": false
  },
  "minecraft:adventure/kill_all_mobs": {
    "criteria": {
      "minecraft:skeleton": "2024-07-26 00:16:02 +0000",
      "minecraft:creeper": "2024-07-26 00:17:16 +0000",
      "minecraft:witch": "2024-07-26 00:16:53 +0000",
      "minecraft:zombie": "2024-07-26 00:18:34 +0000"
    },
    "done": false
  },
  "minecraft:adventure/kill_a_mob": {
    "criteria": {
      "minecraft:skeleton": "2024-07-26 00:16:02 +0000"
    },
    "done": true
  },
  "repurposed_structures:pyramids": {
    "criteria": {
      "in_pyramid_snowy": "2024-07-25 23:52:59 +0000"
    },
    "done": false
  },
  "quark:get_all_blossom_saplings": {
    "criteria": {
      "blue": "2024-07-25 23:51:35 +0000"
    },
    "done": false
  },
  "alexsmobs:alexsmobs/banana_slug": {
    "criteria": {
      "killed": "2024-07-25 23:35:56 +0000"
    },
    "done": true
  },
  "biomesoplenty:biomesoplenty/root": {
    "criteria": {
      "cold_desert": "2024-07-25 23:35:31 +0000"
    },
    "done": true
  },
  "DataVersion": 3465
}